"sentence_id","mean_surprisal","weight_first","weight_last","weight_sum","normalized","wh","matrix","comp","embedded","gap","matrix_norm","comp_norm","embedded_norm","gap_norm","beyond_5", "beyond_6", "beyond_7", "beyond_8", "beyond_9"
2,5.2203469928354025,6.640988956908245,6.15797252630975,6.399480741608998,0.608639729617717,8.380118370056152,5.48939694960912,0.3729254901409149,5.229515790939331,7.82968282699585,0.5020511794841807,0.05055534784700634,0.744048617468505,2.099715587543608,0,0,0,0,0
3,6.359689977348728,7.492986747573427,6.272882008686356,6.882934378129892,0.6807456478247536,8.380118370056152,7.310559715144336,0.9831504225730896,6.098678059048122,1.4916104078292847,0.646501426850602,0.1332800060954071,0.7597114596042724,0.40001079137749956,14.803404243662953,14.803404243662953,0,0,0
4,6.99071330708616,6.802269781997658,6.684948725895255,6.743609253946457,0.6087671097824147,0,0,0,0,0,0,0,0,0,15.2407810613513,15.682940473159155,16.038020119071007,16.204257011413574,0
5,6.9359521344304085,6.77343496020879,8.218100631427081,7.495767795817936,0.6375443007815963,0,0,0,0,0,0,0,0,0,14.156122207641602,14.557482242584229,0,0,0
6,5.932450495660305,6.623206331162244,8.444332344650487,7.5337693379063655,0.6316752566043008,8.380118370056152,5.142426053682963,0.38983801007270813,7.891223311424255,6.6338019371032715,0.5151363022325044,0.052848080177526714,0.9283632190739284,1.7790116968706307,14.810945510864258,14.810945510864258,0,0,0
7,5.724662206002644,8.741414133729851,6.257916422702892,7.499665278216371,0.6103320616833744,11.035486221313477,5.844720462958018,0.4958241581916809,5.590939621130626,6.900439262390137,0.5582612253191939,0.06721600815985464,0.6505753720817493,0.4092946232993816,0,0,0,0,0
