"sentence_id","mean_surprisal","weight_first","weight_last","weight_sum","normalized","wh","matrix","comp","embedded","gap","matrix_norm","comp_norm","embedded_norm","gap_norm","beyond_5", "beyond_6", "beyond_7", "beyond_8", "beyond_9"
2,6.7035203485616615,6.820225135921227,4.904766875835908,5.862496005878567,0.619642823263302,8.265374183654785,6.383463157340884,4.4354963302612305,6.951820217072964,4.147844314575195,0.45086396213258473,0.6012945367873492,0.6946455304030896,1.1123430609460994,16.160409476608038,16.160409476608038,16.160409476608038,16.781118392944336,0
3,6.087815334922389,6.650935353707163,3.9369036977768608,5.293919525742013,0.5858130109945291,8.265374183654785,5.147892117500305,5.297584056854248,6.270304973308857,13.34410285949707,0.47583901183080424,0.7181627746653136,0.5996802684433614,1.2268516347428686,14.061729113260904,15.837221145629883,15.837221145629883,0,0
4,5.825408011674881,6.684902054991567,6.002567077574536,6.343734566283051,0.693302962844317,0,0,0,0,0,0,0,0,0,13.546330451965332,0,0,0,0
5,5.920378216107687,8.847119660907138,4.5152451273108625,6.681182394109001,0.605326073361901,0,0,0,0,0,0,0,0,0,15.383463859558105,17.330276489257812,17.330276489257812,17.330276489257812,17.330276489257812
6,6.230160814874313,6.911453431658517,2.264202825933645,4.5878281287960805,0.6635178492111313,8.265374183654785,7.294273719191551,5.164704322814941,5.755050951784307,1.5081133842468262,0.49028259408183356,0.7001490390699365,0.7186762840043761,0.40443645683425367,15.85809800028801,17.996839463710785,17.996839463710785,17.996839463710785,17.996839463710785
7,5.696045420070489,6.976057107431667,2.412452766637625,4.6942549370346445,0.6402663414548552,8.265374183654785,6.663139631971717,4.730619430541992,5.088014350997077,14.624933242797852,0.5425516753619345,0.6413026654533278,0.6754889841975482,2.351185248702802,15.284421544522047,15.284421544522047,15.943909846246243,0,0
