"sentence_id","mean_surprisal","weight_first","weight_last","weight_sum","normalized","wh","matrix","comp","embedded","gap","matrix_norm","comp_norm","embedded_norm","gap_norm","beyond_5", "beyond_6", "beyond_7", "beyond_8", "beyond_9"
2,6.800850073496501,6.665928639510464,7.137381074928855,6.9016548572196585,0.6871488490456091,8.171542167663574,7.197742968797684,2.051724672317505,7.099327027797699,5.313048839569092,0.5498665519405331,0.15307477041540038,0.8647092589872482,1.4248203550927334,0,0,0,0,0
3,7.969936168193817,6.786373682395686,8.594180935985934,7.69027730919081,0.6792169310791226,8.171542167663574,8.278131633996964,2.9152491092681885,8.875010967254639,0,0.5911142803888956,0.21750047368727599,0.87630551477552,0,14.03506326675415,14.672525405883789,15.212767601013184,0,0
4,6.746380691727002,6.738069013133315,6.202691791413977,6.470380402273645,0.6344443028280865,0,0,0,0,0,0,0,0,0,13.31541633605957,0,0,0,0
5,6.540987156904661,8.833024841414808,6.809279542122245,7.821152191768524,0.6429581079844104,0,0,0,0,0,0,0,0,0,0,0,0,0,0
6,6.262208240417142,6.564846271237537,6.740172191606015,6.652509231421775,0.6084384631004878,8.171542167663574,6.120836465805769,2.865649938583374,6.701024889945984,5.747320175170898,0.48507204540392984,0.21379998610830844,0.791422337526322,1.541280537801866,14.367111682891846,14.367111682891846,0,0,0
7,6.591537845134735,6.643102953180651,8.271251075717212,7.45717701444893,0.6454247491480691,8.171542167663574,6.917387396097183,2.5779871940612793,6.874074876308441,0,0.5698211149163072,0.19233808667857374,0.8194088221726505,0,15.887457847595215,15.887457847595215,15.887457847595215,0,0
