"sentence_id","mean_surprisal","weight_first","weight_last","weight_sum","normalized","wh","matrix","comp","embedded","gap","matrix_norm","comp_norm","embedded_norm","gap_norm","beyond_5", "beyond_6", "beyond_7", "beyond_8", "beyond_9"
0,2.817200053948909,6.466890844138904,1.34174327391038,3.904317059024643,0.29780297087527136,8.823639869689941,2.003736799582839,0.04049775376915932,3.0235803052783012,1.289380431175232,0.18374199923167903,0.005490045821347937,0.36195711457646595,0.34577801546159215,0,0,0,0,0
1,3.2440318843103286,7.265813219077617,1.633077175815645,4.449445197446632,0.311542935206358,0,0,0,0,0,0,0,0,0,0,0,0,0,0
2,6.043936892905656,6.755253753765118,4.963374927486791,5.859314340625954,0.440943781487949,0,0,0,0,0,0,0,0,0,15.743401566520333,15.743401566520333,16.871904850006104,16.871904850006104,17.456116676330566
3,4.359539091897507,6.6176755541106775,4.295485314543902,5.4565804343272895,0.3165929253713104,0,0,0,0,0,0,0,0,0,14.765846252441406,14.765846252441406,0,0,0
4,3.315102248452604,6.5113509103497575,3.795925959559782,5.153638434954769,0.29499716923659575,0,0,0,0,0,0,0,0,0,0,0,0,0,0
5,3.5299467550856725,8.218468706613793,2.6361656595181175,5.427317183065956,0.33814971298765845,10.851251602172852,2.876338604837656,0.059644997119903564,3.5417210571467876,5.234682083129883,0.281692196123791,0.00808572665706229,0.3053141789550942,0.31049142668122703,0,0,0,0,0
