"sentence_id","mean_surprisal","weight_first","weight_last","weight_sum","normalized","wh","matrix","comp","embedded","gap","matrix_norm","comp_norm","embedded_norm","gap_norm","beyond_5", "beyond_6", "beyond_7", "beyond_8", "beyond_9"
0,13.344046898232772,11.184852271790952,13.699389872001474,12.442121071896214,1.5724077871617121,8.227356910705566,13.912568007958019,0,0,17.81351089477539,1.6682525408336375,0,0,4.7771164325680555,17.82473837592018,18.7039974601008,19.64869456377346,19.64869456377346,19.64869456377346
1,10.913565846589895,10.859221089985255,12.706460734676039,11.782840912330645,1.504389403475261,0,0,0,0,0,0,0,0,0,15.412756890058517,15.884586612383524,16.36068630218506,17.4261417388916,17.4261417388916
2,12.310028553009033,13.236253714343432,9.466465266813595,11.35135949057851,1.2975881579731543,0,0,0,0,0,0,0,0,0,17.8806791305542,17.8806791305542,17.8806791305542,19.059551239013672,19.059551239013672
3,13.217503197987874,12.806360089115959,13.059289911249275,12.932825000182614,1.439750201930453,0,0,0,0,0,0,0,0,0,18.65261395772298,19.706365203857423,19.706365203857423,19.706365203857423,21.91500473022461
4,13.217503197987874,12.806360089115959,13.059289911249275,12.932825000182614,1.439750201930453,0,0,0,0,0,0,0,0,0,18.65261395772298,19.706365203857423,19.706365203857423,19.706365203857423,21.91500473022461
5,11.801585793495178,9.680780368238437,11.816549141338147,10.748664754788292,1.5341350429131844,8.227356910705566,12.655400323867799,16.396209716796875,10.038429896036783,0,1.2858072373208624,2.222739146342381,1.9932566973569221,0,16.225645446777342,16.225645446777342,17.54818280537923,17.54818280537923,18.12416934967041
