"sentence_id","mean_surprisal","weight_first","weight_last","weight_sum","normalized","wh","matrix","comp","embedded","gap","matrix_norm","comp_norm","embedded_norm","gap_norm","beyond_5", "beyond_6", "beyond_7", "beyond_8", "beyond_9"
0,3.467489449889399,7.111765223149181,2.0812848316544503,4.596525027401816,0.35856482059184186,9.546794891357422,2.117567030402521,0.06696747988462448,4.1450833305716515,1.3378676176071167,0.1919924057341547,0.009078393216632388,0.4690458029862006,0.3587810072042633,0,0,0,0,0
1,4.95528602783623,7.762278022847789,4.4973624612489145,6.1298202420483525,0.4951327609419828,0,0,0,0,0,0,0,0,0,13.363097921479493,0,0,0,0
2,5.905770824016893,7.354141269611584,4.4344944575195395,5.894317863565561,0.43113026377579783,0,0,0,0,0,0,0,0,0,15.706768626347184,15.706768626347184,15.706768626347184,16.379189491271973,0
3,4.535639263611908,7.199200118893533,4.809795355300432,6.004497737096982,0.32108335565295903,0,0,0,0,0,0,0,0,0,14.1897873878479,14.935616493225098,0,0,0
4,3.5442926849549017,7.130366653938167,4.144651012364005,5.637508833151086,0.29548954914948095,0,0,0,0,0,0,0,0,0,13.092570304870605,0,0,0,0
5,4.078378218758319,8.608956864651855,2.619378708924009,5.614167786787931,0.36695102757372206,11.283340454101562,2.725078669997553,0.07400992512702942,4.898245443900426,6.837049961090088,0.2415973079005718,0.010033096711930456,0.4042973596924921,0.4055347321953147,0,0,0,0,0
