"sentence_id","mean_surprisal","weight_first","weight_last","weight_sum","normalized","wh","matrix","comp","embedded","gap","matrix_norm","comp_norm","embedded_norm","gap_norm","beyond_5", "beyond_6", "beyond_7", "beyond_8", "beyond_9"
0,11.17113013931812,11.156410055321098,8.046553183379853,9.601481619350476,1.1595146830144225,8.82360553741455,11.431966206196295,0,0,8.5623197555542,1.20376680177083,0,0,2.2961895971420634,15.682820333415293,16.940787973294693,18.17549422724551,18.17549422724551,20.089843816429493
1,7.017704617518645,10.140417080693867,1.678865469002491,5.909641274848179,0.8619156474399166,0,0,0,0,0,0,0,0,0,14.053936004638672,14.053936004638672,0,0,0
2,7.792311872045199,11.628446643927411,3.454807973153744,7.54162730854058,0.7320745061800595,0,0,0,0,0,0,0,0,0,16.312894344329834,16.312894344329834,16.312894344329834,17.58097267150879,17.58097267150879
3,11.8690625111262,12.717817583240123,4.9439188055167875,8.830868194378455,1.1223555496452318,0,0,0,0,0,0,0,0,0,17.998402138551075,18.886871933937073,18.886871933937073,19.82555988430977,20.78874433040619
4,11.8690625111262,12.717817583240123,4.9439188055167875,8.830868194378455,1.1223555496452318,0,0,0,0,0,0,0,0,0,17.998402138551075,18.886871933937073,18.886871933937073,19.82555988430977,20.78874433040619
5,9.477317452430725,9.979753510858465,3.902096033029526,6.940924771943996,1.0761688868560828,8.82360553741455,11.871779441833496,13.234429359436035,4.452080806096395,0,1.2261303591196238,1.7941149036771515,0.691892185026269,0,14.823541402816772,15.353245417277018,17.7493896484375,17.7493896484375,17.7493896484375
