"sentence_id","mean_surprisal","weight_first","weight_last","weight_sum","normalized","wh","matrix","comp","embedded","gap","matrix_norm","comp_norm","embedded_norm","gap_norm","beyond_5", "beyond_6", "beyond_7", "beyond_8", "beyond_9"
0,4.538974097929895,6.5821410031165515,3.699009156593965,5.140575079855258,0.3734011115855509,8.82360553741455,3.942339204251766,0.030223805457353592,4.974083835879962,0.20182478427886963,0.2740038733379258,0.002254933200290616,0.43688288304464407,0.054124113947737744,0,0,0,0,0
1,5.370253230631351,6.658095747198957,4.293115427884698,5.475605587541827,0.3637499357500961,0,0,0,0,0,0,0,0,0,13.40418815612793,0,0,0,0
2,4.094958780178179,6.636198800853232,2.5338337464798473,4.5850162736665405,0.32410597095608906,0,0,0,0,0,0,0,0,0,0,0,0,0,0
3,4.169021270596064,8.237504425519827,2.453061196583742,5.345282811051783,0.3667166901762246,0,0,0,0,0,0,0,0,0,0,0,0,0,0
4,4.185229538939893,6.628271727914635,2.197612210040207,4.412941968977422,0.3284489046652251,0,0,0,0,0,0,0,0,0,0,0,0,0,0
5,4.075387232378125,6.551376599602761,3.7580857327264368,5.154731166164599,0.3160894125639713,8.82360553741455,3.901169441640377,0.04056983068585396,4.071254797279835,0,0.29496507029275143,0.0030268279179067785,0.3041903505860116,0,0,0,0,0,0
