"sentence_id","mean_surprisal","weight_first","weight_last","weight_sum","normalized","wh","matrix","comp","embedded","gap","matrix_norm","comp_norm","embedded_norm","gap_norm","beyond_5", "beyond_6", "beyond_7", "beyond_8", "beyond_9"
0,4.778957573696971,6.663105099978071,4.040902270454171,5.35200368521612,0.44950790055618833,8.717012405395508,3.2365976311266422,0.10526835173368454,5.929803267121315,0.3196919858455658,0.2679574015990708,0.007853845591981917,0.5937269884367599,0.08573300614148377,0,0,0,0,0
1,5.570579911768436,6.795201392423957,5.572611014359512,6.183906203391735,0.4166194435929193,0,0,0,0,0,0,0,0,0,13.673961162567139,0,0,0,0
2,4.852842949330807,6.750797392185221,3.2637928568896366,5.0072951245374275,0.4035963638852378,0,0,0,0,0,0,0,0,0,0,0,0,0,0
3,4.805729263103926,7.98505614662214,4.158282684264174,6.071669415443157,0.4348257575569068,0,0,0,0,0,0,0,0,0,0,0,0,0,0
4,5.045234388361375,6.759940117288606,5.004010262445168,5.881975189866887,0.43689152221529626,0,0,0,0,0,0,0,0,0,14.846765518188477,14.846765518188477,15.210272789001465,0,0
5,4.286338764429092,6.659487307930318,5.419049476584412,6.039268392257366,0.3848115054359631,8.717012405395508,3.235904060304165,0.1334611475467682,5.267324462532997,0,0.29805482959234586,0.009957249525601036,0.47347226559980293,0,14.551240921020508,14.551240921020508,0,0,0
