"sentence_id","mean_surprisal","weight_first","weight_last","weight_sum","normalized","wh","matrix","comp","embedded","gap","matrix_norm","comp_norm","embedded_norm","gap_norm","beyond_5", "beyond_6", "beyond_7", "beyond_8", "beyond_9"
0,2.2214193609543145,5.025001455802432,0.8735253075559337,2.949263381679183,0.23325854487161643,6.680224895477295,1.7732155360281467,0.07668040692806244,2.268313907086849,0.8088091015815735,0.16352106930001073,0.010395118456057707,0.2705358841994141,0.21690138865938915,0,0,0,0,0
1,5.061480562531335,6.230048694542668,5.243484665537873,5.73676668004027,0.4928581564633475,0,0,0,0,0,0,0,0,0,14.55610078619793,15.347674369812012,15.347674369812012,0,0
2,5.907723148517749,5.280376505268122,4.636659780029644,4.958518142648883,0.43851184647588304,0,0,0,0,0,0,0,0,0,15.458065710961819,16.07054101427396,16.86580181121826,16.86580181121826,17.054655075073242
3,3.9251269617428384,5.148234022003446,3.867528349286378,4.507881185644912,0.2824291596791069,0,0,0,0,0,0,0,0,0,14.900152206420898,14.900152206420898,0,0,0
4,2.6809074574460587,5.038565345015374,3.028873117290012,4.033719231152692,0.24126637422433392,0,0,0,0,0,0,0,0,0,0,0,0,0,0
5,2.6299704664519856,6.629876064196396,0.933029969520113,3.781453016858252,0.2411240012003844,8.704385757446289,1.998322879274686,0.11072368919849396,2.669089968005816,2.5911850929260254,0.1794536666317994,0.015010168975627071,0.21970528024143784,0.15369429194001488,0,0,0,0,0
