"sentence_id","mean_surprisal","weight_first","weight_last","weight_sum","normalized","wh","matrix","comp","embedded","gap","matrix_norm","comp_norm","embedded_norm","gap_norm","beyond_5", "beyond_6", "beyond_7", "beyond_8", "beyond_9"
0,3.583279699087143,5.629534856271891,3.6675807519886283,4.6485578041302595,0.3365053587428388,7.746599197387695,2.584718093276024,0.09220033884048462,4.136947413285573,1.1757800579071045,0.21261038465026497,0.006878869221905634,0.4187359446475844,0.31531337471274334,0,0,0,0,0
1,5.23951059281826,5.781448975060633,4.938813810143003,5.3601313926018195,0.3792278880063278,0,0,0,0,0,0,0,0,0,15.68973445892334,15.68973445892334,15.68973445892334,0,0
2,3.7137112574030957,5.711734821279836,2.272926846212315,3.992330833746076,0.3134331593310252,0,0,0,0,0,0,0,0,0,0,0,0,0,0
3,4.628084708864872,7.343730206274565,4.424079332232474,5.883904769253522,0.42412450461979545,0,0,0,0,0,0,0,0,0,0,0,0,0,0
4,4.695621180037658,5.798444294467998,3.898540950094432,4.848492622281215,0.39576846986195763,0,0,0,0,0,0,0,0,0,15.352916717529297,15.352916717529297,15.352916717529297,0,0
5,3.839581270515919,5.653266535618853,4.684398109341813,5.168832322480331,0.3322630393325548,7.746599197387695,2.7960127145051956,0.11033739149570465,4.838706314563751,0,0.25229875451417516,0.008232035759633069,0.4092187775759052,0,13.697450637817383,0,0,0,0
