"sentence_id","mean_surprisal","weight_first","weight_last","weight_sum","normalized","wh","matrix","comp","embedded","gap","matrix_norm","comp_norm","embedded_norm","gap_norm","beyond_5", "beyond_6", "beyond_7", "beyond_8", "beyond_9"
1,3.467489449889399,7.111765223149181,2.0812848316544503,4.596525027401816,5.969485040132094,0,0,0,0,0,0,0,0,0,0,0,0,0,0
2,4.95528602783623,7.762278022847789,4.4973624612489145,6.1298202420483525,4.833267101648273,0,0,0,0,0,0,0,0,0,13.363097921479493,0,0,0,0
3,5.905770824016893,7.354141269611584,4.4344944575195395,5.894317863565561,5.058026580330115,0,0,0,0,0,0,0,0,0,15.706768626347184,15.706768626347184,15.706768626347184,16.379189491271973,0
4,4.535639263611908,7.199200118893533,4.809795355300432,6.004497737096982,6.156409867098483,0,0,0,0,0,0,0,0,0,14.1897873878479,14.935616493225098,0,0,0
5,3.5442926849549017,7.130366653938167,4.144651012364005,5.637508833151086,6.4072719201465205,0,0,0,0,0,0,0,0,0,13.092570304870605,0,0,0,0
6,4.078378218758319,8.608956864651855,2.619378708924009,5.614167786787931,5.963079419786664,0,0,0,0,0,0,0,0,0,0,0,0,0,0
