"sentence_id","mean_surprisal","weight_first","weight_last","weight_sum","normalized","wh","matrix","comp","embedded","gap","matrix_norm","comp_norm","embedded_norm","gap_norm","beyond_5", "beyond_6", "beyond_7", "beyond_8", "beyond_9"
0,5.448274771183995,6.92204849104778,2.792011798312096,4.857030144679938,0.43999666097823675,8.799592971801758,4.615507320151664,0.9856346845626831,6.003573732450604,0.6526768207550049,0.30386346657293295,0.13361678309871555,0.5064635805484254,0.17503080577447966,16.244532981188968,16.244532981188968,18.477602005004883,18.477602005004883,18.477602005004883
1,5.298072334967162,6.752595937503119,1.9631610397782058,4.357878488640663,0.4675325257293429,0,0,0,0,0,0,0,0,0,14.47989559173584,14.47989559173584,0,0,0
2,4.825216630939394,6.8032188566391785,3.064534897704366,4.933876877171773,0.5091138523046186,0,0,0,0,0,0,0,0,0,0,0,0,0,0
3,5.063938404122989,8.040391710244617,1.9900987246438022,5.0152452174442095,0.45038982285707013,0,0,0,0,0,0,0,0,0,15.829382434487343,15.829382434487343,15.829382434487343,16.345626831054688,0
4,5.287319382323938,7.002298571539238,1.4564460727396686,4.229372322139452,0.5559030372686192,0,0,0,0,0,0,0,0,0,16.50617066025734,16.50617066025734,16.50617066025734,16.50617066025734,0
5,4.712379697834452,7.099846410478828,0.5400730747268242,3.8199597426028262,0.4812283620478887,8.799592971801758,5.443982135038823,1.3655682802200317,4.304956186148855,12.215292930603027,0.4010110038688275,0.18512217920334556,0.5188983640135791,1.9637981295511913,16.12228366546333,16.12228366546333,16.12228366546333,16.12228366546333,0
