"sentence_id","mean_surprisal","weight_first","weight_last","weight_sum","normalized","wh","matrix","comp","embedded","gap","matrix_norm","comp_norm","embedded_norm","gap_norm","beyond_5", "beyond_6", "beyond_7", "beyond_8", "beyond_9"
1,4.778957573696971,6.663105099978071,4.040902270454171,5.35200368521612,5.451707349840409,0,0,0,0,0,0,0,0,0,0,0,0,0,0
2,5.570579911768436,6.795201392423957,5.572611014359512,6.183906203391735,6.276445656953613,0,0,0,0,0,0,0,0,0,13.673961162567139,0,0,0,0
3,4.852842949330807,6.750797392185221,3.2637928568896366,5.0072951245374275,6.257507555841614,0,0,0,0,0,0,0,0,0,0,0,0,0,0
4,4.805729263103926,7.98505614662214,4.158282684264174,6.071669415443157,5.19352963975147,0,0,0,0,0,0,0,0,0,0,0,0,0,0
5,5.045234388361375,6.759940117288606,5.004010262445168,5.881975189866887,5.553367213656096,0,0,0,0,0,0,0,0,0,14.846765518188477,14.846765518188477,15.210272789001465,0,0
6,4.286338764429092,6.659487307930318,5.419049476584412,6.039268392257366,6.672105373562195,0,0,0,0,0,0,0,0,0,14.551240921020508,14.551240921020508,0,0,0
