"sentence_id","mean_surprisal","weight_first","weight_last","weight_sum","normalized","wh","matrix","comp","embedded","gap","matrix_norm","comp_norm","embedded_norm","gap_norm","beyond_5", "beyond_6", "beyond_7", "beyond_8", "beyond_9"
0,6.802479311823845,7.070948490465826,11.24495325513437,9.157950872800097,0.8818043923838331,8.227356910705566,7.685229818026225,2.692817449569702,6.476014465093613,15.541543960571289,0.8233936771504342,0.3650496585793688,1.0117066940681216,4.167834486984777,13.95568593343099,15.541543960571289,15.541543960571289,0,0
1,8.159961650476736,7.846088524039539,10.805455154416697,9.32577183922812,0.9843685050709979,0,0,0,0,0,0,0,0,0,16.320766024291515,18.90551482141018,18.90551482141018,18.90551482141018,18.90551482141018
2,8.55892960464253,7.293546057587474,10.253465870853987,8.77350596422073,0.8768698710264902,0,0,0,0,0,0,0,0,0,16.441164135932922,16.441164135932922,18.596860647201538,18.596860647201538,20.53312921524048
3,9.031582434972128,7.1716032509615415,11.355295883812978,9.263449567387259,0.9747676817890957,0,0,0,0,0,0,0,0,0,15.108444690704346,15.599088668823242,15.599088668823242,0,0
4,7.955761909484863,7.052597935834642,11.809920126386968,9.431259031110802,0.9707714375902098,0,0,0,0,0,0,0,0,0,17.43264389038086,17.43264389038086,17.43264389038086,17.43264389038086,17.43264389038086
5,7.663539158446448,9.042703505709191,10.26753485200662,9.655119178857905,0.9273544782361107,10.729805946350098,8.089705348014832,3.315196990966797,7.451052198807399,8.36356258392334,0.9021165303001505,0.44942204673739217,0.9883906907561405,0.4960787374631582,13.2767915725708,0,0,0,0
