"sentence_id","mean_surprisal","weight_first","weight_last","weight_sum","normalized","wh","matrix","comp","embedded","gap","matrix_norm","comp_norm","embedded_norm","gap_norm","beyond_5", "beyond_6", "beyond_7", "beyond_8", "beyond_9"
1,6.802479311823845,7.070948490465826,11.24495325513437,9.157950872800097,2.6344951781976467,0,0,0,0,0,0,0,0,0,13.95568593343099,15.541543960571289,15.541543960571289,0,0
2,8.159961650476736,7.846088524039539,10.805455154416697,9.32577183922812,1.628591479007767,0,0,0,0,0,0,0,0,0,16.320766024291515,18.90551482141018,18.90551482141018,18.90551482141018,18.90551482141018
3,8.55892960464253,7.293546057587474,10.253465870853987,8.77350596422073,2.4048677997044776,0,0,0,0,0,0,0,0,0,16.441164135932922,16.441164135932922,18.596860647201538,18.596860647201538,20.53312921524048
4,9.031582434972128,7.1716032509615415,11.355295883812978,9.263449567387259,1.660466695738263,0,0,0,0,0,0,0,0,0,15.108444690704346,15.599088668823242,15.599088668823242,0,0
5,7.955761909484863,7.052597935834642,11.809920126386968,9.431259031110802,1.9958026956165582,0,0,0,0,0,0,0,0,0,17.43264389038086,17.43264389038086,17.43264389038086,17.43264389038086,17.43264389038086
6,7.663539158446448,9.042703505709191,10.26753485200662,9.655119178857905,2.377918480098533,0,0,0,0,0,0,0,0,0,13.2767915725708,0,0,0,0
