"sentence_id","mean_surprisal","weight_first","weight_last","weight_sum","normalized","wh","matrix","comp","embedded","gap","matrix_norm","comp_norm","embedded_norm","gap_norm","beyond_5", "beyond_6", "beyond_7", "beyond_8", "beyond_9"
1,5.448274771183995,6.92204849104778,2.792011798312096,4.857030144679938,5.109600584486797,0,0,0,0,0,0,0,0,0,16.244532981188968,16.244532981188968,18.477602005004883,18.477602005004883,18.477602005004883
2,5.298072334967162,6.752595937503119,1.9631610397782058,4.357878488640663,4.5009242218303,0,0,0,0,0,0,0,0,0,14.47989559173584,14.47989559173584,0,0,0
3,4.825216630939394,6.8032188566391785,3.064534897704366,4.933876877171773,4.572155953635744,0,0,0,0,0,0,0,0,0,0,0,0,0,0
4,5.063938404122989,8.040391710244617,1.9900987246438022,5.0152452174442095,4.425201633373829,0,0,0,0,0,0,0,0,0,15.829382434487343,15.829382434487343,15.829382434487343,16.345626831054688,0
5,5.287319382323938,7.002298571539238,1.4564460727396686,4.229372322139452,4.549256442648553,0,0,0,0,0,0,0,0,0,16.50617066025734,16.50617066025734,16.50617066025734,16.50617066025734,0
6,4.712379697834452,7.099846410478828,0.5400730747268242,3.8199597426028262,4.823287624277556,0,0,0,0,0,0,0,0,0,16.12228366546333,16.12228366546333,16.12228366546333,16.12228366546333,0
