"sentence_id","mean_surprisal","weight_first","weight_last","weight_sum","normalized","wh","matrix","comp","embedded","gap","matrix_norm","comp_norm","embedded_norm","gap_norm","beyond_5", "beyond_6", "beyond_7", "beyond_8", "beyond_9"
0,8.444986288364117,11.186427785202468,9.257603709990384,10.22201574759642,0.9246400336996472,10.729805946350098,9.978327910105387,1.104475975036621,8.50194451212883,10.487046241760254,0.9978715531243273,0.1497274082432366,0.9608101310310978,2.8123507615395127,16.695595423380535,16.695595423380535,16.695595423380535,17.12996006011963,17.32204246520996
1,7.127198775609334,9.33790285315037,8.22610770703889,8.78200528009463,0.8255401500059428,0,0,0,0,0,0,0,0,0,0,0,0,0,0
2,6.737589573860168,7.709268909999847,7.64820001247544,7.678734461237645,0.8154916021638342,0,0,0,0,0,0,0,0,0,14.952140808105469,14.952140808105469,0,0,0
3,6.183780437424069,11.181697070761276,6.745196711213766,8.96344689098752,0.6719267394602461,0,0,0,0,0,0,0,0,0,17.19357204437256,17.19357204437256,17.19357204437256,18.560277938842773,18.560277938842773
4,8.748013588786126,12.147026227348729,8.967770258659478,10.557398243004108,0.9066259889915805,0,0,0,0,0,0,0,0,0,17.613226279616356,17.613226279616356,17.613226279616356,19.830501556396484,19.830501556396484
5,7.504834164272655,10.115867883308923,8.269294537462597,9.192581210385761,0.8684555667711552,10.729805946350098,11.944570541381836,2.9708755016326904,7.113490477204323,0,0.9119755255539111,0.402744377538895,0.8809742511449359,0,0,0,0,0,0
