"sentence_id","mean_surprisal","weight_first","weight_last","weight_sum","normalized","wh","matrix","comp","embedded","gap","matrix_norm","comp_norm","embedded_norm","gap_norm","beyond_5", "beyond_6", "beyond_7", "beyond_8", "beyond_9"
0,8.479436238606771,7.20055885181167,11.756128743788596,9.47834379780013,0.9670184984288053,8.227356910705566,9.14175420999527,6.931246280670166,8.33793580532074,12.653021812438965,0.7539080709846842,0.5171253957324318,1.2269432162266851,3.393208603227812,14.478390216827393,14.478390216827393,0,0,0
1,10.069745874404907,7.266106832452613,11.847458389827432,9.556782611140022,0.9718761724369612,0,0,0,0,0,0,0,0,0,15.825175285339355,16.458641688028973,16.458641688028973,16.97752857208252,17.0648136138916
2,8.47653012474378,7.244913824522277,10.614790979359395,8.929852401940835,0.8810718460429948,0,0,0,0,0,0,0,0,0,14.982061386108398,16.037067413330078,16.037067413330078,16.037067413330078,0
3,8.172346408550556,9.094795290610941,11.455592364939438,10.275193827775189,0.9299839620492119,0,0,0,0,0,0,0,0,0,13.52099895477295,0,0,0,0
4,8.130698228875795,7.0171096277036,10.325433350700555,8.671271489202077,0.8618454730568629,0,0,0,0,0,0,0,0,0,16.08570623397827,16.08570623397827,17.295665740966797,17.295665740966797,17.295665740966797
5,8.767283058166504,7.142157311172028,11.782976068202085,9.462566689687055,0.941121761646257,8.227356910705566,8.670107662677765,7.736354351043701,9.257172167301178,0,0.7690760563440047,0.5771927793803597,1.2619789018979521,0,15.97882080078125,15.97882080078125,17.58625602722168,17.58625602722168,17.58625602722168
