"sentence_id","mean_surprisal","weight_first","weight_last","weight_sum","normalized","wh","matrix","comp","embedded","gap","matrix_norm","comp_norm","embedded_norm","gap_norm","beyond_5", "beyond_6", "beyond_7", "beyond_8", "beyond_9"
1,7.917299619210618,7.186562402687468,8.144370762537358,7.665466582612415,2.640575736460174,0,0,0,0,0,0,0,0,0,17.57581515237689,17.57581515237689,17.57581515237689,17.57581515237689,17.57581515237689
2,7.4763561110747485,7.0478167119438595,7.880088909413457,7.46395281067866,2.322640445722713,0,0,0,0,0,0,0,0,0,16.304526329040527,16.304526329040527,17.08331537246704,18.959192276000977,18.959192276000977
3,7.404160983860493,7.064021304626603,9.930597723310834,8.49730951396872,1.9932116007146456,0,0,0,0,0,0,0,0,0,14.297832489013672,14.89627456665039,0,0,0
4,7.494079142808914,9.006657154336294,8.18592870921913,8.596292931777711,1.9950608946879034,0,0,0,0,0,0,0,0,0,16.97353697816531,18.83830477297306,18.83830477297306,18.83830477297306,18.83830477297306
5,7.534037057091208,7.298851283978251,5.45773960052301,6.3782954422506295,2.302538767881284,0,0,0,0,0,0,0,0,0,16.64509113629659,16.64509113629659,20.717804193496704,20.717804193496704,20.717804193496704
6,7.566251356403033,7.26563660538806,7.175841456719687,7.220739031053877,1.9694159657089751,0,0,0,0,0,0,0,0,0,16.946319691836834,16.946319691836834,16.946319691836834,16.946319691836834,17.859720453619957
