"sentence_id","mean_surprisal","weight_first","weight_last","weight_sum","normalized","wh","matrix","comp","embedded","gap","matrix_norm","comp_norm","embedded_norm","gap_norm","beyond_5", "beyond_6", "beyond_7", "beyond_8", "beyond_9"
0,7.917299619210618,7.186562402687468,8.144370762537358,7.665466582612415,0.8560793336744567,8.227356910705566,7.616966998204589,7.238980770111084,8.113498624414206,9.128031730651855,0.6103075709453425,0.9813466779985174,0.9815910881935155,2.4478987121112055,17.57581515237689,17.57581515237689,17.57581515237689,17.57581515237689,17.57581515237689
1,7.4763561110747485,7.0478167119438595,7.880088909413457,7.46395281067866,0.8010679846157593,0,0,0,0,0,0,0,0,0,16.304526329040527,16.304526329040527,17.08331537246704,18.959192276000977,18.959192276000977
2,7.404160983860493,7.064021304626603,9.930597723310834,8.49730951396872,0.9476722101264814,0,0,0,0,0,0,0,0,0,14.297832489013672,14.89627456665039,0,0,0
3,7.494079142808914,9.006657154336294,8.18592870921913,8.596292931777711,0.8529780403341718,0,0,0,0,0,0,0,0,0,16.97353697816531,18.83830477297306,18.83830477297306,18.83830477297306,18.83830477297306
4,7.534037057091208,7.298851283978251,5.45773960052301,6.3782954422506295,0.8758827601019068,0,0,0,0,0,0,0,0,0,16.64509113629659,16.64509113629659,20.717804193496704,20.717804193496704,20.717804193496704
5,7.566251356403033,7.26563660538806,7.175841456719687,7.220739031053877,0.9339586289620693,8.227356910705566,7.6137738190591335,7.57795524597168,7.470373657014635,16.03291893005371,0.694399861160843,1.0272994835627431,1.0549639446789487,2.577540824027626,16.946319691836834,16.946319691836834,16.946319691836834,16.946319691836834,17.859720453619957
