"sentence_id","mean_surprisal","weight_first","weight_last","weight_sum","normalized","wh","matrix","comp","embedded","gap","matrix_norm","comp_norm","embedded_norm","gap_norm","beyond_5", "beyond_6", "beyond_7", "beyond_8", "beyond_9"
0,4.469575413431112,9.665050430103255,1.2775204756738352,5.471285452888544,0.4065933755959419,10.851251602172852,4.235516240199407,0.0457506962120533,4.312616169452667,0.33329716324806213,0.3895850990336367,0.006202156791076666,0.36334805301980183,0.0893815579020764,13.692593574523926,0,0,0,0
1,5.191954479863246,8.51319460761163,1.718045001352313,5.115619804481971,0.4690667288412474,0,0,0,0,0,0,0,0,0,0,0,0,0,0
2,3.62115364074707,7.151719974228427,0.9459502798854269,4.048835127056926,0.33398411462447747,0,0,0,0,0,0,0,0,0,0,0,0,0,0
3,3.281653220720944,9.659711588064464,0.8635566219967818,5.261634105030623,0.3410072822860287,0,0,0,0,0,0,0,0,0,0,0,0,0,0
4,6.516295129060746,10.163770114679716,3.365333015127628,6.764551564903673,0.5180222904986617,0,0,0,0,0,0,0,0,0,14.036327838897705,14.919303894042969,0,0,0
5,6.065953704443845,9.258607517716728,3.1740780129176605,6.2163427653171945,0.5542878273907081,10.851251602172852,9.002918243408203,0.9531353116035461,5.739773198962212,0,0.6873785096003331,0.12921103141856646,0.5095755694477554,0,0,0,0,0,0
