"sentence_id","mean_surprisal","weight_first","weight_last","weight_sum","normalized","wh","matrix","comp","embedded","gap","matrix_norm","comp_norm","embedded_norm","gap_norm","beyond_5", "beyond_6", "beyond_7", "beyond_8", "beyond_9"
0,5.03836703147473,6.70843509825367,2.9027455098703396,4.8055903040620045,0.44371508717034075,8.823639869689941,4.2005116294603795,2.0714354515075684,5.3550020752009,0.4744032025337219,0.24619994505635076,0.280812501591176,0.5231437952983747,0.12722249689427828,15.382229266222566,17.31863784790039,17.31863784790039,17.31863784790039,17.31863784790039
1,4.357873484296234,6.537338555044334,1.3320511651572013,3.934694860100769,0.3768609038289146,0,0,0,0,0,0,0,0,0,14.552446365356445,14.552446365356445,0,0,0
2,4.184607848059386,6.5548258271226025,3.0842193084576763,4.81952256779014,0.42108268075906774,0,0,0,0,0,0,0,0,0,0,0,0,0,0
3,4.741187795003255,8.388661644161024,1.4570645294568891,4.922863086808956,0.4262868577346188,0,0,0,0,0,0,0,0,0,14.183969289064407,14.999355852603912,0,0,0
4,5.400903141893008,6.856272289281166,1.3959143639176093,4.126093326599388,0.5485637503065837,0,0,0,0,0,0,0,0,0,17.917316138744354,17.917316138744354,17.917316138744354,17.917316138744354,17.917316138744354
5,4.917619326089819,7.045709133443912,0.6678438131831519,3.8567764733135315,0.4891218158603495,8.823639869689941,5.352743565570563,2.3510613441467285,4.5754016016920405,12.79909896850586,0.3419662215594255,0.3187197636130364,0.5432215568748122,2.0576540208317025,16.578105865046382,16.578105865046382,16.578105865046382,16.578105865046382,0
