"sentence_id","mean_surprisal","weight_first","weight_last","weight_sum","normalized","wh","matrix","comp","embedded","gap","matrix_norm","comp_norm","embedded_norm","gap_norm","beyond_5", "beyond_6", "beyond_7", "beyond_8", "beyond_9"
0,4.494017532760544,5.679289483193648,2.2305592774727447,3.9549243803331966,0.36965930283867615,7.409492015838623,3.9751759353093803,1.7106478214263916,4.736925235018134,0.4942522644996643,0.2515553119225416,0.23190261310176538,0.4122327066688349,0.13254549473836838,13.221074104309082,0,0,0,0
1,4.445183032045239,5.504801382671464,1.5377123460970594,3.5212568643842617,0.3828145058825964,0,0,0,0,0,0,0,0,0,16.15728759765625,16.15728759765625,16.15728759765625,16.15728759765625,0
2,4.104975573718548,5.478342583586283,3.0145305044717143,4.246436544028998,0.4408867375531328,0,0,0,0,0,0,0,0,0,0,0,0,0,0
3,3.5218485330541927,7.0566805931526835,1.072269829551651,4.064475211352168,0.32921576267442293,0,0,0,0,0,0,0,0,0,0,0,0,0,0
4,5.458430488758228,5.84687321730031,1.7592421179396103,3.80305766761996,0.5579483491200193,0,0,0,0,0,0,0,0,0,18.27886824309826,18.27886824309826,18.27886824309826,18.27886824309826,18.27886824309826
5,4.521581374558931,6.319737871429637,0.564494521481158,3.442116196455397,0.4742488845187209,7.409492015838623,4.924584094260354,2.594998359680176,4.235654873980416,12.194826126098633,0.38714318690020466,0.3517888913586193,0.5082363225802797,1.9605077727311002,13.130433752434328,0,0,0,0
